{
	"metadata" : {
		"formatVersion" : 3,
		"description" : "Exported from LibZinc."
	},

	"materials" : [ {
	"DbgColor" : 15658734,
	"DbgIndex" : 0,
	"DbgName" : "my_material",
	"colorDiffuse" : [0, 0, 0],
	"colorSpecular" : [0, 0, 0],
	"shading" : "Phong",
	"specularCoef" : 0,
	"opacity" : 1,
	"vertexColors" : true
	}],

	"vertices" : [
		32.673927,-89.379974,1398.166870,33.092266,-88.972809,1387.334106,31.317263,-89.118828,1398.169800,33.092266,-88.972809,1387.334106,32.581696,-89.830124,1399.399536,33.092266,-88.972809,1387.334106,33.092266,-88.972809,1387.334106,46.196346,-127.284203,1341.690186,46.196346,-127.284203,1341.690186,41.411320,-162.546585,1257.941406,
		41.411320,-162.546585,1257.941406,32.494827,-96.729408,1166.608032,32.494827,-96.729408,1166.608032,29.421185,-69.842430,1133.896118
	],

	"faces": [
		0 ,0,1,2,
		0 ,3,4,5,
		0 ,6,7,8,
		0 ,9,10,11
,		0 ,12,13,13
	]

}
