{
	"metadata" : {
		"formatVersion" : 3,
		"description" : "Exported from LibZinc."
	},

	"materials" : [ {
	"DbgColor" : 15658734,
	"DbgIndex" : 0,
	"DbgName" : "my_material",
	"colorDiffuse" : [1, 0, 0],
	"colorSpecular" : [0.1, 0.1, 0.1],
	"shading" : "Phong",
	"specularCoef" : 20,
	"opacity" : 1,
	"vertexColors" : true
	}],

	"vertices" : [
		-14.798742,-113.159790,1340.551514,-21.412331,-101.826401,1343.783813,-21.412331,-101.826401,1343.783813,-31.188761,-96.564514,1346.569214,-31.188761,-96.564514,1346.569214,-43.011875,-95.258942,1348.246704,-43.011875,-95.258942,1348.246704,-55.765514,-95.794518,1348.155151,-55.765514,-95.794518,1348.155151,-68.333519,-96.056061,1345.633423,
		-68.333519,-96.056061,1345.633423,-79.599731,-93.928391,1340.020630
	],

	"faces": [
		0 ,0,1,2,
		0 ,3,4,5,
		0 ,6,7,8,
		0 ,9,10,11
	]

}
