{
	"metadata" : {
		"formatVersion" : 3,
		"description" : "Exported from LibZinc."
	},

	"materials" : [ {
	"DbgColor" : 15658734,
	"DbgIndex" : 0,
	"DbgName" : "my_material",
	"colorDiffuse" : [0, 0, 0],
	"colorSpecular" : [0, 0, 0],
	"shading" : "Phong",
	"specularCoef" : 0,
	"opacity" : 1,
	"vertexColors" : true
	}],

	"vertices" : [
		7.756410,-73.822861,1494.621826,27.396605,-66.471344,1489.962402,27.396605,-66.471344,1489.962402,27.594486,-66.702560,1489.942871,27.594486,-66.702560,1489.942871,27.585045,-66.557449,1489.979980,27.585045,-66.557449,1489.979980,32.909359,-74.198799,1490.294800,32.909359,-74.198799,1490.294800,31.483959,-72.896767,1489.506836,
		31.483959,-72.896767,1489.506836,32.454899,-72.461212,1490.871338,32.454899,-72.461212,1490.871338,38.379597,-91.733772,1435.391235,38.379597,-91.733772,1435.391235,33.311920,-99.798523,1325.212280,33.311920,-99.798523,1325.212280,33.223911,-104.374710,1311.561890,33.223911,-104.374710,1311.561890,31.913336,-103.556015,1310.085693,
		31.913336,-103.556015,1310.085693,32.072227,-104.454262,1304.913208,32.072227,-104.454262,1304.913208,33.490707,-104.405602,1305.352783,33.490707,-104.405602,1305.352783,6.333865,-77.498627,1293.414551,6.333865,-77.498627,1293.414551,12.003103,-76.956085,1293.855591,12.003103,-76.956085,1293.855591,12.318216,-76.954552,1295.000122,
		12.318216,-76.954552,1295.000122,28.193518,-69.181839,1269.417236,28.193518,-69.181839,1269.417236,27.677635,-69.335464,1269.723755,27.677635,-69.335464,1269.723755,29.296839,-67.348045,1270.784668,29.296839,-67.348045,1270.784668,12.689012,-73.465126,1242.429077
	],

	"faces": [
		0 ,0,1,2,
		0 ,3,4,5,
		0 ,6,7,8,
		0 ,9,10,11,
		0 ,12,13,14,
		0 ,15,16,17,
		0 ,18,19,20,
		0 ,21,22,23,
		0 ,24,25,26,
		0 ,27,28,29,
		0 ,30,31,32,
		0 ,33,34,35
,		0 ,36,37,37
	]

}
