{
	"metadata" : {
		"formatVersion" : 3,
		"description" : "Exported from LibZinc."
	},

	"materials" : [ {
	"DbgColor" : 15658734,
	"DbgIndex" : 0,
	"DbgName" : "my_material",
	"colorDiffuse" : [0, 0, 1],
	"colorSpecular" : [0.1, 0.1, 0.1],
	"shading" : "Phong",
	"specularCoef" : 20,
	"opacity" : 1,
	"vertexColors" : true
	}],

	"vertices" : [
		-24.603941,-115.820786,1340.239990,-23.328817,-115.318550,1333.553223,-23.328817,-115.318550,1333.553223,-21.567080,-115.741402,1327.095337,-21.567080,-115.741402,1327.095337,-19.555691,-116.755257,1320.796265,-19.555691,-116.755257,1320.796265,-17.531618,-118.026024,1314.586304,-17.531618,-118.026024,1314.586304,-15.731826,-119.219612,1308.395264,
		-15.731826,-119.219612,1308.395264,-14.393281,-120.001923,1302.153198
	],

	"faces": [
		0 ,0,1,2,
		0 ,3,4,5,
		0 ,6,7,8,
		0 ,9,10,11
	]

}
