{
	"metadata" : {
		"formatVersion" : 3,
		"description" : "Exported from LibZinc."
	},

	"materials" : [ {
	"DbgColor" : 15658734,
	"DbgIndex" : 0,
	"DbgName" : "my_material",
	"colorDiffuse" : [1, 0, 0],
	"colorSpecular" : [0.1, 0.1, 0.1],
	"shading" : "Phong",
	"specularCoef" : 20,
	"opacity" : 1,
	"vertexColors" : true
	}],

	"vertices" : [
		19.546350,-116.323532,1244.421997,13.456075,-119.583961,1249.413574,13.456075,-119.583961,1249.413574,8.940152,-122.811935,1255.692993,8.940152,-122.811935,1255.692993,5.969938,-125.485260,1262.966064,5.969938,-125.485260,1262.966064,4.516782,-127.081734,1270.938477,4.516782,-127.081734,1270.938477,4.552039,-127.079147,1279.315796,
		4.552039,-127.079147,1279.315796,6.047060,-124.955315,1287.803833
	],

	"faces": [
		0 ,0,1,2,
		0 ,3,4,5,
		0 ,6,7,8,
		0 ,9,10,11
	]

}
