{
	"metadata" : {
		"formatVersion" : 3,
		"description" : "Exported from LibZinc."
	},

	"materials" : [ {
	"DbgColor" : 15658734,
	"DbgIndex" : 0,
	"DbgName" : "my_material",
	"colorDiffuse" : [1, 0, 0],
	"colorSpecular" : [0.1, 0.1, 0.1],
	"shading" : "Phong",
	"specularCoef" : 20,
	"opacity" : 1,
	"vertexColors" : true
	}],

	"vertices" : [
		11.224951,-109.654884,1311.173950,10.515596,-111.320457,1318.491577,10.515596,-111.320457,1318.491577,7.220845,-112.549171,1324.046265,7.220845,-112.549171,1324.046265,2.191370,-113.344254,1328.433960,2.191370,-113.344254,1328.433960,-3.722159,-113.708916,1332.250122,-3.722159,-113.708916,1332.250122,-9.669071,-113.646385,1336.090698,
		-9.669071,-113.646385,1336.090698,-14.798696,-113.159889,1340.551147
	],

	"faces": [
		0 ,0,1,2,
		0 ,3,4,5,
		0 ,6,7,8,
		0 ,9,10,11
	]

}
