{
	"metadata" : {
		"formatVersion" : 3,
		"description" : "Exported from LibZinc."
	},

	"materials" : [ {
	"DbgColor" : 15658734,
	"DbgIndex" : 0,
	"DbgName" : "my_material",
	"colorDiffuse" : [0, 1, 0],
	"colorSpecular" : [0.1, 0.1, 0.1],
	"shading" : "Phong",
	"specularCoef" : 20,
	"opacity" : 1,
	"vertexColors" : true
	}],

	"vertices" : [
		7.756410,-73.822861,1494.621826,27.396605,-66.471344,1489.962402,27.396605,-66.471344,1489.962402,27.594486,-66.702560,1489.942871,27.594486,-66.702560,1489.942871,27.585045,-66.557449,1489.979980,27.585045,-66.557449,1489.979980,32.909359,-74.198799,1490.294800,32.909359,-74.198799,1490.294800,31.483959,-72.896767,1489.506836,
		31.483959,-72.896767,1489.506836,32.454899,-72.461212,1490.871338,32.454899,-72.461212,1490.871338,38.379597,-91.733772,1435.391235,38.379597,-91.733772,1435.391235,30.330208,-96.892647,1411.521851,30.330208,-96.892647,1411.521851,27.002716,-96.967033,1402.142944,27.002716,-96.967033,1402.142944,24.187292,-97.626022,1391.876343,
		24.187292,-97.626022,1391.876343,21.061241,-99.145691,1376.678955,21.061241,-99.145691,1376.678955,18.261780,-101.563362,1353.193970,18.261780,-101.563362,1353.193970,28.198286,-112.910156,1345.454712,28.198286,-112.910156,1345.454712,24.018089,-116.130959,1338.765259,24.018089,-116.130959,1338.765259,30.951521,-103.107681,1330.703369,
		30.951521,-103.107681,1330.703369,33.311920,-99.798523,1335.935303,33.311920,-99.798523,1335.935303,30.279844,-46.388210,1332.263062,30.279844,-46.388210,1332.263062,57.903725,-47.542526,1322.646729,57.903725,-47.542526,1322.646729,25.029121,-104.374710,1311.574097,25.029121,-104.374710,1311.574097,31.913336,-103.556015,1310.085693,
		31.913336,-103.556015,1310.085693,32.072227,-104.454262,1304.913208,32.072227,-104.454262,1304.913208,33.490707,-104.405602,1305.352783,33.490707,-104.405602,1305.352783,14.521681,-77.498627,1304.137573,14.521681,-77.498627,1304.137573,12.003103,-76.956085,1293.855591,12.003103,-76.956085,1293.855591,12.318216,-76.954552,1295.000122,
		12.318216,-76.954552,1295.000122,22.327976,-57.335720,1284.772827,22.327976,-57.335720,1284.772827,24.098728,-69.181839,1280.140259,24.098728,-69.181839,1280.140259,27.677635,-69.335464,1269.723755,27.677635,-69.335464,1269.723755,29.296839,-67.348045,1260.067749,29.296839,-67.348045,1260.067749,12.689012,-73.465126,1242.429077
	],

	"faces": [
		0 ,0,1,2,
		0 ,3,4,5,
		0 ,6,7,8,
		0 ,9,10,11,
		0 ,12,13,14,
		0 ,15,16,17,
		0 ,18,19,20,
		0 ,21,22,23,
		0 ,24,25,26,
		0 ,27,28,29,
		0 ,30,31,32,
		0 ,33,34,35,
		0 ,36,37,38,
		0 ,39,40,41,
		0 ,42,43,44,
		0 ,45,46,47,
		0 ,48,49,50,
		0 ,51,52,53,
		0 ,54,55,56,
		0 ,57,58,59
	]

}
