{
	"metadata" : {
		"formatVersion" : 3,
		"description" : "Exported from LibZinc."
	},

	"materials" : [ {
	"DbgColor" : 15658734,
	"DbgIndex" : 0,
	"DbgName" : "my_material",
	"colorDiffuse" : [0, 0, 0],
	"colorSpecular" : [0, 0, 0],
	"shading" : "Phong",
	"specularCoef" : 0,
	"opacity" : 1,
	"vertexColors" : true
	}],

	"vertices" : [
		12.689012,-73.465126,1242.429077,0.673343,-79.156471,1215.453003,0.673343,-79.156471,1215.453003,1.601305,-96.234673,1168.398682,1.601305,-96.234673,1168.398682,2.680000,-105.016495,1151.176636,2.680000,-105.016495,1151.176636,22.614122,-147.504532,1106.367432
	],

	"faces": [
		0 ,0,1,2,
		0 ,3,4,5
,		0 ,6,7,7
	]

}
