{
	"metadata" : {
		"formatVersion" : 3,
		"description" : "Exported from LibZinc."
	},

	"materials" : [ {
	"DbgColor" : 15658734,
	"DbgIndex" : 0,
	"DbgName" : "my_material",
	"colorDiffuse" : [0, 0, 0],
	"colorSpecular" : [0, 0, 0],
	"shading" : "Phong",
	"specularCoef" : 0,
	"opacity" : 1,
	"vertexColors" : true
	}],

	"vertices" : [
		-10.755278,-71.250145,1496.791138,-28.636309,-66.015686,1490.737793,-28.636309,-66.015686,1490.737793,-28.439814,-66.069946,1491.136597,-28.439814,-66.069946,1491.136597,-27.284107,-65.306152,1492.294800,-27.284107,-65.306152,1492.294800,-19.524145,-76.975983,1491.516724,-19.524145,-76.975983,1491.516724,-22.483717,-77.339165,1493.431519,
		-22.483717,-77.339165,1493.431519,-22.486128,-77.340836,1493.427246,-22.486128,-77.340836,1493.427246,-37.586006,-92.315704,1437.537354,-37.586006,-92.315704,1437.537354,-27.786533,-106.218880,1353.499512,-27.786533,-106.218880,1353.499512,-32.322990,-107.247597,1364.224365,-32.322990,-107.247597,1364.224365,-26.496662,-107.082642,1344.911377,
		-26.496662,-107.082642,1344.911377,-27.123837,-107.059830,1333.763428,-27.123837,-107.059830,1333.763428,-14.685787,-103.066383,1305.465454,-14.685787,-103.066383,1305.465454,-14.675813,-103.165665,1305.832275,-14.675813,-103.165665,1305.832275,-9.911464,-77.777428,1294.718262,-9.911464,-77.777428,1294.718262,-14.997185,-85.558952,1294.455444,
		-14.997185,-85.558952,1294.455444,-14.798655,-85.569626,1294.977905,-14.798655,-85.569626,1294.977905,-12.625757,-77.636353,1293.650513,-12.625757,-77.636353,1293.650513,-12.557430,-77.498466,1293.741943,-12.557430,-77.498466,1293.741943,-12.519252,-77.438240,1294.076538,-12.519252,-77.438240,1294.076538,12.689012,-73.465126,1242.429077
	],

	"faces": [
		0 ,0,1,2,
		0 ,3,4,5,
		0 ,6,7,8,
		0 ,9,10,11,
		0 ,12,13,14,
		0 ,15,16,17,
		0 ,18,19,20,
		0 ,21,22,23,
		0 ,24,25,26,
		0 ,27,28,29,
		0 ,30,31,32,
		0 ,33,34,35,
		0 ,36,37,38
,		0 ,39,39,39
	]

}
