{
	"metadata" : {
		"formatVersion" : 3,
		"description" : "Exported from LibZinc."
	},

	"materials" : [ {
	"DbgColor" : 15658734,
	"DbgIndex" : 0,
	"DbgName" : "my_material",
	"colorDiffuse" : [1, 0, 0],
	"colorSpecular" : [0.1, 0.1, 0.1],
	"shading" : "Phong",
	"specularCoef" : 20,
	"opacity" : 1,
	"vertexColors" : true
	}],

	"vertices" : [
		21.415192,-91.471825,1311.985962,21.048418,-93.523880,1327.678101,21.048418,-93.523880,1327.678101,27.912039,-95.493309,1339.750000,27.912039,-95.493309,1339.750000,39.602516,-96.949310,1347.611084,39.602516,-96.949310,1347.611084,53.716312,-97.461067,1350.670410,53.716312,-97.461067,1350.670410,67.849892,-96.597748,1348.337158,
		67.849892,-96.597748,1348.337158,79.599709,-93.928551,1340.020508
	],

	"faces": [
		0 ,0,1,2,
		0 ,3,4,5,
		0 ,6,7,8,
		0 ,9,10,11
	]

}
