{
	"metadata" : {
		"formatVersion" : 3,
		"description" : "Exported from LibZinc."
	},

	"materials" : [ {
	"DbgColor" : 15658734,
	"DbgIndex" : 0,
	"DbgName" : "my_material",
	"colorDiffuse" : [1, 0, 0],
	"colorSpecular" : [0.1, 0.1, 0.1],
	"shading" : "Phong",
	"specularCoef" : 20,
	"opacity" : 1,
	"vertexColors" : true
	}],

	"vertices" : [
		-14.798787,-113.159805,1340.551147,-16.821213,-111.429962,1353.088501,-16.821213,-111.429962,1353.088501,-19.211115,-108.633820,1365.401489,-19.211115,-108.633820,1365.401489,-21.908682,-105.275673,1377.575195,-21.908682,-105.275673,1377.575195,-24.854097,-101.859818,1389.694702,-24.854097,-101.859818,1389.694702,-27.987549,-98.890533,1401.845337,
		-27.987549,-98.890533,1401.845337,-31.249224,-96.872108,1414.112183
	],

	"faces": [
		0 ,0,1,2,
		0 ,3,4,5,
		0 ,6,7,8,
		0 ,9,10,11
	]

}
