{"farPlane": 15391.511398738496, "nearPlane": 379.2015240226243, "eyePosition": [728.0673895912812, -7465.632963532777, 2444.940465618822], "targetPosition": [-1.0555419921875, -102.07274055480957, 782.4486846923828], "upVector": [-0.047441054370962535, 0.2155097046959048, 0.9753486112883338], "viewAngle": 0.6981317007977322}