{"farPlane": 15013.849025855745, "nearPlane": 1.5391511398738495, "eyePosition": [191.9366593879567, -6475.582445852513, 1228.994688720716], "targetPosition": [51.399539334901064, -95.58590134338301, 925.0528493616696], "upVector": [0.003971188405520833, 0.04767274682341413, 0.9988551140545656], "viewAngle": 0.6981317007977287}