{
	"metadata" : {
		"formatVersion" : 3,
		"description" : "Exported from LibZinc."
	},

	"materials" : [ {
	"DbgColor" : 15658734,
	"DbgIndex" : 0,
	"DbgName" : "my_material",
	"colorDiffuse" : [0, 0, 0],
	"colorSpecular" : [0, 0, 0],
	"shading" : "Phong",
	"specularCoef" : 0,
	"opacity" : 1,
	"vertexColors" : true
	}],

	"vertices" : [
		-30.749640,-95.859352,1397.872925,-35.208199,-102.973465,1384.314087,-30.749643,-95.859352,1397.872925,-35.208199,-102.973465,1384.314087,-30.749647,-95.859352,1397.872925,-35.208199,-102.973465,1384.314087,-35.208199,-102.973465,1384.314087,-42.250328,-117.528587,1339.167114,-42.250328,-117.528587,1339.167114,-27.849850,-131.925781,1248.274414,
		-27.849850,-131.925781,1248.274414,-60.127602,-131.898178,1188.932861,-60.127602,-131.898178,1188.932861,-59.724781,-37.358212,1097.689331
	],

	"faces": [
		0 ,0,1,2,
		0 ,3,4,5,
		0 ,6,7,8,
		0 ,9,10,11
,		0 ,12,13,13
	]

}
