{
	"metadata" : {
		"formatVersion" : 3,
		"description" : "Exported from LibZinc."
	},

	"materials" : [ {
	"DbgColor" : 15658734,
	"DbgIndex" : 0,
	"DbgName" : "my_material",
	"colorDiffuse" : [0, 1, 1],
	"colorSpecular" : [0.1, 0.1, 0.1],
	"shading" : "Phong",
	"specularCoef" : 20,
	"opacity" : 1,
	"vertexColors" : true
	}],

	"vertices" : [
		5.829683,-125.573784,1288.219971,9.874576,-119.805412,1301.458252,9.874576,-119.805412,1301.458252,13.829965,-109.308083,1309.249878,13.829965,-109.308083,1309.249878,17.221188,-96.266281,1311.717896,17.221188,-96.266281,1311.717896,19.573584,-82.864502,1308.985352,19.573584,-82.864502,1308.985352,20.412485,-71.287247,1301.175415,
		20.412485,-71.287247,1301.175415,19.263231,-63.718987,1288.411011
	],

	"faces": [
		0 ,0,1,2,
		0 ,3,4,5,
		0 ,6,7,8,
		0 ,9,10,11
	]

}
