{
	"metadata" : {
		"formatVersion" : 3,
		"description" : "Exported from LibZinc."
	},

	"materials" : [ {
	"DbgColor" : 15658734,
	"DbgIndex" : 0,
	"DbgName" : "my_material",
	"colorDiffuse" : [1, 0, 0],
	"colorSpecular" : [0.1, 0.1, 0.1],
	"shading" : "Phong",
	"specularCoef" : 20,
	"opacity" : 1,
	"vertexColors" : true
	}],

	"vertices" : [
		17.400177,-100.114845,1311.396851,17.096783,-102.388275,1327.781982,17.096783,-102.388275,1327.781982,17.617451,-102.243332,1345.433594,17.617451,-102.243332,1345.433594,19.127604,-100.649643,1363.622070,19.127604,-100.649643,1363.622070,21.792669,-98.576797,1381.617920,21.792669,-98.576797,1381.617920,25.778070,-96.994415,1398.691162,
		25.778070,-96.994415,1398.691162,31.249237,-96.872101,1414.112305
	],

	"faces": [
		0 ,0,1,2,
		0 ,3,4,5,
		0 ,6,7,8,
		0 ,9,10,11
	]

}
