{
	"metadata" : {
		"formatVersion" : 3,
		"description" : "Exported from LibZinc."
	},

	"materials" : [ {
	"DbgColor" : 15658734,
	"DbgIndex" : 0,
	"DbgName" : "my_material",
	"colorDiffuse" : [0, 0, 0],
	"colorSpecular" : [0, 0, 0],
	"shading" : "Phong",
	"specularCoef" : 0,
	"opacity" : 1,
	"vertexColors" : true
	}],

	"vertices" : [
		12.689012,-73.465126,1242.429077,-0.115608,-69.732536,1207.389648,-0.115608,-69.732536,1207.389648,7.483912,-103.036537,1131.171997,7.483912,-103.036537,1131.171997,27.865446,-102.037224,1111.993774,27.865446,-102.037224,1111.993774,31.380957,-99.544815,1105.601318
	],

	"faces": [
		0 ,0,1,2,
		0 ,3,4,5
,		0 ,6,7,7
	]

}
