{
	"metadata" : {
		"formatVersion" : 3,
		"description" : "Exported from LibZinc."
	},

	"materials" : [ {
	"DbgColor" : 15658734,
	"DbgIndex" : 0,
	"DbgName" : "my_material",
	"colorDiffuse" : [0, 0, 1],
	"colorSpecular" : [0.1, 0.1, 0.1],
	"shading" : "Phong",
	"specularCoef" : 20,
	"opacity" : 1,
	"vertexColors" : true
	}],

	"vertices" : [
		-21.152683,-58.299843,1312.264404,27.668396,-39.780598,1329.076904,27.668396,-39.780598,1329.076904,69.191101,-50.440189,1320.246216,69.191101,-50.440189,1320.246216,95.920410,-79.947327,1296.306519,95.920410,-79.947327,1296.306519,100.361267,-117.970718,1267.792114,100.361267,-117.970718,1267.792114,75.018654,-154.179077,1245.237061,
		75.018654,-154.179077,1245.237061,12.397518,-178.241119,1239.175537
	],

	"faces": [
		0 ,0,1,2,
		0 ,3,4,5,
		0 ,6,7,8,
		0 ,9,10,11
	]

}
