{
	"metadata" : {
		"formatVersion" : 3,
		"description" : "Exported from LibZinc."
	},

	"materials" : [ {
	"DbgColor" : 15658734,
	"DbgIndex" : 0,
	"DbgName" : "my_material",
	"colorDiffuse" : [1, 0, 0],
	"colorSpecular" : [0.1, 0.1, 0.1],
	"shading" : "Phong",
	"specularCoef" : 20,
	"opacity" : 1,
	"vertexColors" : true
	}],

	"vertices" : [
		8.938830,-86.855988,1135.833374,9.562351,-98.804451,1106.483154,9.562351,-98.804451,1106.483154,9.387989,-108.053093,1074.688599,9.387989,-108.053093,1074.688599,8.670443,-115.023972,1041.462280,8.670443,-115.023972,1041.462280,7.664410,-120.139145,1007.816833,7.664410,-120.139145,1007.816833,6.624589,-123.820686,974.764832,
		6.624589,-123.820686,974.764832,5.805679,-126.490654,943.318909
	],

	"faces": [
		0 ,0,1,2,
		0 ,3,4,5,
		0 ,6,7,8,
		0 ,9,10,11
	]

}
