{
	"metadata" : {
		"formatVersion" : 3,
		"description" : "Exported from LibZinc."
	},

	"materials" : [ {
	"DbgColor" : 15658734,
	"DbgIndex" : 0,
	"DbgName" : "my_material",
	"colorDiffuse" : [0, 0, 1],
	"colorSpecular" : [0.1, 0.1, 0.1],
	"shading" : "Phong",
	"specularCoef" : 20,
	"opacity" : 1,
	"vertexColors" : true
	}],

	"vertices" : [
		25.250044,-117.254478,1340.441772,19.889244,-120.284813,1333.146240,19.889244,-120.284813,1333.146240,12.904295,-122.783165,1326.959961,12.904295,-122.783165,1326.959961,5.139379,-124.376785,1321.325317,5.139379,-124.376785,1321.325317,-2.561328,-124.692924,1315.684570,-2.561328,-124.692924,1315.684570,-9.353643,-123.358841,1309.479980,
		-9.353643,-123.358841,1309.479980,-14.393389,-120.001778,1302.154053
	],

	"faces": [
		0 ,0,1,2,
		0 ,3,4,5,
		0 ,6,7,8,
		0 ,9,10,11
	]

}
