{"farPlane": 15419.419491005787, "nearPlane": 407.10961628991436, "eyePosition": [730.7504523903134, -7492.72975838985, 2451.058185495515], "targetPosition": [-1.0555419921875, -102.07274055480957, 782.4486846923828], "upVector": [-0.047441054370961924, 0.21550970469590203, 0.9753486112883213], "viewAngle": 0.6981317007977321}