{"farPlane": 15013.849025855745, "nearPlane": 1.5391511398738495, "eyePosition": [69.71973994651279, -3676.248424026995, 1112.361831115923], "targetPosition": [-1.0555419921875, -102.07274055480957, 782.4486846923828], "upVector": [-0.033929648139423896, 0.09119481492318987, 0.9952548842925932], "viewAngle": 0.6981317007977287}