{
	"metadata" : {
		"formatVersion" : 3,
		"description" : "Exported from LibZinc."
	},

	"materials" : [ {
	"DbgColor" : 15658734,
	"DbgIndex" : 0,
	"DbgName" : "my_material",
	"colorDiffuse" : [0, 1, 0],
	"colorSpecular" : [0.1, 0.1, 0.1],
	"shading" : "Phong",
	"specularCoef" : 20,
	"opacity" : 1,
	"vertexColors" : true
	}],

	"vertices" : [
		-10.755278,-71.250145,1496.791138,-28.636309,-66.015686,1490.737793,-28.636309,-66.015686,1490.737793,-28.439814,-66.069946,1491.136597,-28.439814,-66.069946,1491.136597,-27.284107,-65.306152,1492.294800,-27.284107,-65.306152,1492.294800,-19.524145,-76.975983,1491.516724,-19.524145,-76.975983,1491.516724,-22.483717,-77.339165,1493.431519,
		-22.483717,-77.339165,1493.431519,-22.486128,-77.340836,1493.427246,-22.486128,-77.340836,1493.427246,-37.586006,-92.315704,1437.537354,-37.586006,-92.315704,1437.537354,-30.528957,-97.317833,1411.403320,-30.528957,-97.317833,1411.403320,-29.010283,-98.257637,1405.691772,-29.010283,-98.257637,1405.691772,-27.344309,-99.500076,1399.351074,
		-27.344309,-99.500076,1399.351074,-25.767323,-100.994438,1393.235962,-25.767323,-100.994438,1393.235962,-21.908682,-105.275673,1377.575195,-21.908682,-105.275673,1377.575195,-22.592958,-101.190964,1344.120239,-22.592958,-101.190964,1344.120239,-24.817785,-113.723892,1342.291016,-24.817785,-113.723892,1342.291016,-22.532318,-106.649017,1333.526245,
		-22.532318,-106.649017,1333.526245,-22.446962,-106.633209,1322.885498,-22.446962,-106.633209,1322.885498,-22.267235,-106.641129,1312.206665,-22.267235,-106.641129,1312.206665,-27.123837,-107.059830,1333.763428,-27.123837,-107.059830,1333.763428,-13.039679,-113.326714,1339.021606,-13.039679,-113.326714,1339.021606,-12.622139,-113.366318,1338.658569,
		-12.622139,-113.366318,1338.658569,-10.252224,-118.214211,1312.947632,-10.252224,-118.214211,1312.947632,-12.552919,-103.357101,1306.335083,-12.552919,-103.357101,1306.335083,-14.685787,-103.066383,1305.465454,-14.685787,-103.066383,1305.465454,-14.675813,-103.165665,1305.832275,-14.675813,-103.165665,1305.832275,-9.911464,-77.777428,1294.718262,
		-9.911464,-77.777428,1294.718262,-20.379356,-90.724754,1281.937134,-20.379356,-90.724754,1281.937134,-14.997185,-85.558952,1294.455444,-14.997185,-85.558952,1294.455444,-14.798655,-85.569626,1294.977905,-14.798655,-85.569626,1294.977905,-12.625757,-77.636353,1293.650513,-12.625757,-77.636353,1293.650513,-12.557430,-77.498466,1293.741943,
		-12.557430,-77.498466,1293.741943,-12.519252,-77.438240,1294.076538,-12.519252,-77.438240,1294.076538,12.689012,-73.465126,1242.429077
	],

	"faces": [
		0 ,0,1,2,
		0 ,3,4,5,
		0 ,6,7,8,
		0 ,9,10,11,
		0 ,12,13,14,
		0 ,15,16,17,
		0 ,18,19,20,
		0 ,21,22,23,
		0 ,24,25,26,
		0 ,27,28,29,
		0 ,30,31,32,
		0 ,33,34,35,
		0 ,36,37,38,
		0 ,39,40,41,
		0 ,42,43,44,
		0 ,45,46,47,
		0 ,48,49,50,
		0 ,51,52,53,
		0 ,54,55,56,
		0 ,57,58,59,
		0 ,60,61,62
,		0 ,63,63,63
	]

}
