{"farPlane": 15013.851816664974, "nearPlane": 1.5419419491005788, "eyePosition": [111.59663737878711, -881.8527882753534, 1538.0178646026075], "targetPosition": [21.84394022506145, 24.577886221274582, 1333.3704521148447], "upVector": [-0.047441054370961924, 0.21550970469590203, 0.9753486112883213], "viewAngle": 0.6981317007977322}